Producer,Brand,material, Country/Region,Matching Company Highest,Matching Company Highest Value
Mount Isa Mines Ltd,ISA,Copper - Grade A,Australia,ISA Group,0.5682412982411206
BHP Olympic Dam Corporation Pty Ltd,OLYDA,Copper - Grade A,Australia,BHP,0.4316978694843842
Montanwerke Brixlegg Aktiengesellschaft,BRX,Copper - Grade A,Austria,K+S Aktiengesellschaft,0.5506554815935913
Aurubis Belgium n.v./s.a.,OLEN,Copper - Grade A,Belgium,Aurubis,0.6694624144366336
Paranapanema S.A.,CbM,Copper - Grade A,Brazil,1&1 Telecom (part of United Internet),0.0
Paranapanema S.A.,CbM-P,Copper - Grade A,Brazil,1&1 Telecom (part of United Internet),0.0
Aurubis Bulgaria AD,PIRDOP,Copper - Grade A,Bulgaria,Aurubis,0.5517701755603661
Glencore Canada Corporation,NORANDA,Copper - Grade A,Canada,Glencore,0.6619783802689385
Sociedad Contractual Minera El Abra,ABRA,Copper - Grade A,Chile,Sociedad Contractual Minera Franke,0.6245249295690423
Corporacion Nacional del Cobre de Chile,AE,Copper - Grade A,Chile,Buenavista del Cobre,0.41660878011964664
Corporacion Nacional del Cobre de Chile,AE SX EW,Copper - Grade A,Chile,Buenavista del Cobre,0.41660878011964664
SCM Minara Lumina Copper Chile,CASERONES,Copper - Grade A,Chile,Minara Resources,0.41153651352040144
Corporacion Nacional del Cobre de Chile,CCCP,Copper - Grade A,Chile,Buenavista del Cobre,0.41660878011964664
Corporacion Nacional del Cobre de Chile,CCC-SBL,Copper - Grade A,Chile,Buenavista del Cobre,0.41660878011964664
Corporacion Nacional del Cobre de Chile,CHUQUI-P,Copper - Grade A,Chile,Buenavista del Cobre,0.41660878011964664
Compañia Minera Cerro Colorado Ltda,CMCC,Copper - Grade A,Chile,Compañía Minera Cerro Colorado Ltda (CMCC),0.6993278488993123
Corporacion Nacional del Cobre de Chile,ENM,Copper - Grade A,Chile,Buenavista del Cobre,0.41660878011964664
Minera Escondida Limitada,ESOX,Copper - Grade A,Chile,Frontera Chile Limitada,0.399460080944429
Corporacion Nacional del Cobre de Chile,GABY,Copper - Grade A,Chile,Buenavista del Cobre,0.41660878011964664
Compañía Minera Lomas Bayas,LBF,Copper - Grade A,Chile,Volcán Compañía Minera,0.41046578950534335
Minera Centinela,MET,Copper - Grade A,Chile,Minera Caracol,0.30244041626293444
Minera HMC S.A.,MIC-P,Copper - Grade A,Chile,Hinatuan Mining Corporation (HMC) (part of Nickel Asia Corporation),0.37537628649961075
Minera Michilla S.A,MIC-T,Copper - Grade A,Chile,Minera Caracol,0.30244041626293444
Capstones Copper Corporation,MB,Copper - Grade A,Chile,Ascendant Copper (now Copper Mesa Mining),0.3251377495323506
Mantoverde S.A.,MV,Copper - Grade A,Chile,1&1 Telecom (part of United Internet),0.0
Compania Minera Teck Quebrada Blanca S.A.,QB,Copper - Grade A,Chile,"Compañía Minera Teck Quebrada Blanca SA (QBSA)(joint venture between Teck Resources, Sumitomo and Enami)",0.5871879288622603
Corporacion Nacional del Cobre de Chile,RT,Copper - Grade A,Chile,Buenavista del Cobre,0.41660878011964664
Minera Spence S.A.,SPENCE,Copper - Grade A,Chile,Minera Caracol,0.30244041626293444
Compania Minera Zaldivar,ZALDIVAR,Copper - Grade A,Chile,Compania Minera Dayton,0.5683391915640784
"Daye Nonferrous Metals Co., Ltd",DJ-A,Copper - Grade A,China,Tongling Nonferrous Metals,0.501931339469821
"Daye Nonferrous Metals Co., Ltd",DJ-B,Copper - Grade A,China,Tongling Nonferrous Metals,0.501931339469821
"China Copper Southeast Copper Co., Ltd",DN-TIEFENG ,Copper - Grade A,China,China Copper Mines,0.5662167632008304
"Chifeng Yuntong Non-Ferrous Metals Co., Ltd",CF-TIEFENG ,Copper - Grade A,China,Baiyin Non-ferrous Metal,0.4289248541256618
Jiangxi Copper Company Ltd.,GUIYE,Copper - Grade A,China,Jiangxi Copper Company,0.9631436727021947
Heilongjiang Zijin Copper Co Ltd,HLJ ZIJIN,Copper - Grade A,China,Zijin Mining,0.4532314548311773
"Shandong Humon Smelting Co., Ltd",HUMON-D,Copper - Grade A,China,Shandong Xinhai Technology Co Ltd,0.39251360192161605
Jiangxi Copper Company Ltd.,JCC,Copper - Grade A,China,Jiangxi Copper Company,0.9631436727021947
"Jiangxi Copper (QingYuan) Co., Ltd",JCC-QY,Copper - Grade A,China,Jiangxi Copper Company,0.640227941058516
"Jilin Zijin Copper Co., Ltd",JILIN ZIJIN,Copper - Grade A,China,Zijin Mining,0.46973733437446863
"Zhejiang Jiangtong Fuye Heding Copper Co., Ltd",JINFENG,Copper - Grade A,China,"Zhejiang Energy Group Co., Ltd.",0.42367257184078916
"Jinlong Copper Co., Ltd",JINTUN,Copper - Grade A,China,U&B Co. Ltd,0.4385737809510837
"Dongying Jinxi Copper Co., Ltd",JINXI,Copper - Grade A,China,U&B Co. Ltd,0.3466531000894617
"Jinchuan Group Co., Ltd.",JNMC,Copper - Grade A,China,Jinchuan Group,0.8566019455924915
Guangxi Jinchuan Non-Ferrous Metals Co Ltd,JNMCc,Copper - Grade A,China,Baiyin Non-ferrous Metal,0.4416635606628474
Dongying Lufang Metals Material Co Ltd,LFC,Copper - Grade A,China,National Material,0.37541670477286304
"Yunnan Copper Industry Co., Ltd",TIE FENG,Copper - Grade A,China,"Kyohatsu Industry Co., Ltd.",0.42841003370832115
"Tongling Nonferrous Metals Group Co., Ltd.",TG-JG,Copper - Grade A,China,Tongling Nonferrous Metals,0.8970367855415485
"Jinlong Copper Co., Ltd",TG-JL,Copper - Grade A,China,U&B Co. Ltd,0.4385737809510837
YangGu Xiangguang Copper Co Ltd,XGC,Copper - Grade A,China,U&B Co. Ltd,0.35176780249674605
YangGu Xiangguang Copper Co Ltd,XGC II,Copper - Grade A,China,U&B Co. Ltd,0.35176780249674605
"Henan Yuguang Gold & Lead Co., Ltd",YG,Copper - Grade A,China,Henan Yuguang Gold & Lead,0.9435273901651556
"Zijin Copper Co., Ltd",ZIJIN,Copper - Grade A,China,Zijin Mining,0.5887618138816981
"Guangxi Nanko Copper Co., Ltd.",QL,Copper - Grade A,China,U&B Co. Ltd,0.35013355601649443
Henan Zhongyuan Gold Smelter LLC,ZJZY,Copper - Grade A,China,Henan Yuguang Gold & Lead,0.37973526522509843
Boliden Harjavalta Oy,BCH,Copper - Grade A,Finland,Boliden,0.5687864879219838
Aurubis AG,HK,Copper - Grade A,Germany,Aurubis,0.7932465813779535
Aurubis AG,NA-ESN,Copper - Grade A,Germany,Aurubis,0.7932465813779535
Hindalco Industries Limited,BIRLA COPPER,Copper - Grade A,India,Hindalco (part of Aditya Birla Group),0.42521536213290045
Hindalco Industries Limited,BIRLA COPPER II,Copper - Grade A,India,Hindalco (part of Aditya Birla Group),0.42521536213290045
Vedanta Limited,STERLITE,Copper - Grade A,India,Vedanta Resources Limited,0.8528011955107407
Vedanta Limited,STERLITE T,Copper - Grade A,India,Vedanta Resources Limited,0.8528011955107407
PT Smelting,GRESIK,Copper - Grade A,Indonesia,PT Smelting,1.0
JX Nippon Mining & Metals Corporation,HR,Copper - Grade A,Japan,Nippon Mining & Metals (part of Nippon Mining),0.6933117037995384
Mitsubishi Materials Corporation,MITSUBISHI,Copper - Grade A,Japan,Mitsubishi Materials (part of Mitsubishi Group),0.8120903403363549
Onahama Smelting & Refining Co Ltd,OSR,Copper - Grade A,Japan,U.S. Oil & Refining Co.,0.4775950652037562
JX Nippon Mining & Metals Corporation,SR-P,Copper - Grade A,Japan,Nippon Mining & Metals (part of Nippon Mining),0.6933117037995384
"Sumitomo Metal Mining Co., Ltd.",SUMIKO N,Copper - Grade A,Japan,Sumitomo Metal Mining (part of Sumitomo Group),0.7969320089798488
"Sumitomo Metal Mining Co., Ltd.",SUMIKO-S,Copper - Grade A,Japan,Sumitomo Metal Mining (part of Sumitomo Group),0.7969320089798488
"Sumitomo Metal Mining Co., Ltd.",SUMIKO T,Copper - Grade A,Japan,Sumitomo Metal Mining (part of Sumitomo Group),0.7969320089798488
"Hibi Kyodo Smelting Co., Ltd",TAMANO-P,Copper - Grade A,Japan,PT Smelting,0.3370371013562699
LS MnM.,ONSAN I,Copper - Grade A,Korea (South),LS Cable & System (LS C&S),0.5855197775289551
LS MnM.,ONSAN II,Copper - Grade A,Korea (South),LS Cable & System (LS C&S),0.5855197775289551
Lane Xang Minerals Limited,SEPON,Copper - Grade A,Laos,Park Lane Limited,0.4490411570858259
Metalurgica de Cobre S.A. de C.V.,CER,Copper - Grade A,Mexico,Agroetanol de Veracruz S. de R.L. de C.V,0.49450391941104876
Myanmar Wanbao Mining Copper Ltd.,MONYWA LPT,Copper - Grade A,Myanmar,Wanbao Mining,0.7490036696291048
Myanmar Yang Tse Copper Limited,MONYWA S&K,Copper - Grade A,Myanmar,Shin Yang,0.4096247040525731
Glencore Nikkelverk AS,FHG,Copper - Grade A,Norway,Glencore,0.5356737424018178
Sociedad Contractual Minera Cerro Verde,SMCV,Copper - Grade A,Peru,Sociedad Contractual Minera Franke,0.6165447204186684
Southern Peru Copper Corporation,SPCC-ILO,Copper - Grade A,Peru,Southern Copper (part of Grupo México),0.4582114055958877
Southern Peru Copper Corporation,SPCC-SXEW,Copper - Grade A,Peru,Southern Copper (part of Grupo México),0.4582114055958877
Philippine Associated Smelting and Refining Corporation,PSR ISABEL,Copper - Grade A,Philippines,Thailand Smelting and Refining (part of AMC Group),0.4386047581956717
KGHM Polska Miedz SA,HMG-B,Copper - Grade A,Poland,KGHM Polska MiedŸ S.A,0.5584690329295998
KGHM Polska Miedz SA,HMG-S,Copper - Grade A,Poland,KGHM Polska MiedŸ S.A,0.5584690329295998
KGHM Polska Miedz SA,HML,Copper - Grade A,Poland,KGHM Polska MiedŸ S.A,0.5584690329295998
PJSC “MMC “Norilsk Nickel”,NORNICKEL ,Copper - Grade A,Russia,Norilsk Nickel,0.673586191104273
PJSC “MMC “Norilsk Nickel”,NORILSK,Copper - Grade A,Russia,Norilsk Nickel,0.673586191104273
JSC Uralelektromed,UMMC,Copper - Grade A,Russia,Ozenmunaigaz JSC,0.37977130149862653
JSC Uralelektromed,UMMC II,Copper - Grade A,Russia,Ozenmunaigaz JSC,0.37977130149862653
Palabora Mining Company Limited,RIO TINTO PALABORA MINING COMPANY LIMITED,Copper - Grade A,South Africa,C&K Mining,0.43291312687815714
Atlantic Copper S.L.U.,FMS,Copper - Grade A,Spain,Atlantic Container Line,0.5204568325469656
Cobre Las Cruces S.A.,FQM-CLC,Copper - Grade A,Spain,Las Bambas (part of MMG),0.3123205746721623
Boliden Mineral AB,BK,Copper - Grade A,Sweden,Boliden,0.6280370198933237
ASARCO LLC,ATR,Copper - Grade A,USA,ASARCO (part of Grupo México),0.5730545194979312
Freeport-McMoRan Copper & Gold Inc.,CBCC,Copper - Grade A,USA,Freeport-McMoRan,0.760937215179958
Freeport-McMoRan Copper & Gold Inc.,CTB,Copper - Grade A,USA,Freeport-McMoRan,0.760937215179958
Kennecott Utah Copper LLC,KUC,Copper - Grade A,USA,Kennecott Minerals (part of Rio Tinto),0.3421882516016841
Freeport-McMoRan Copper & Gold Inc.,P*D,Copper - Grade A,USA,Freeport-McMoRan,0.760937215179958
Freeport-McMoRan Copper & Gold Inc.,PD*GO,Copper - Grade A,USA,Freeport-McMoRan,0.760937215179958
Freeport-McMoRan Copper & Gold Inc.,PDMI,Copper - Grade A,USA,Freeport-McMoRan,0.760937215179958
Freeport-McMoRan Copper & Gold Inc.,PDSS,Copper - Grade A,USA,Freeport-McMoRan,0.760937215179958
Chambishi Metals Plc,CMC,Copper - Grade A,Zambia,Chambishi Metals,0.9275344586862628
Mopani Copper Mines Plc,MCM2,Copper - Grade A,Zambia,Mopani Copper Mines Plc  (Part of ZCCM Investments),0.7547885670447227
Konkola Copper Mines plc,REC,Copper - Grade A,Zambia,China Copper Mines,0.5856173506158597
Nyrstar Sales & Marketing AG,NYRSTAR BHAS 9997,Lead,,Nyrstar,0.5601568397971494
Nyrstar Sales & Marketing AG,NYRSTAR BHAS 9999,Lead,,Nyrstar,0.5601568397971494
Nyrstar Sales & Marketing AG,ZINIFEX BHAS BROKEN HILL - AUSTRALIA 9997,Lead,,Nyrstar,0.5601568397971494
ECOBAT Resources Austria,BBU,Lead,,Bank Austria Creditanstalt,0.398873303782986
Campine Recycling NV,MCR MADE IN BELGIUM,Lead,,Stena Recycling,0.3576293730863136
Umicore,UMICORE 99.97,Lead,,Umicore,1.0
Umicore,UMICORE 99.985,Lead,,Umicore,1.0
Umicore,UMICORE 99.99,Lead,,Umicore,1.0
KCM AD,KUM 99.97%,Lead,,"MS&AD Insurance Group Holdings, Inc.",0.3688799130609637
KCM AD,KUM 99.99%,Lead,,"MS&AD Insurance Group Holdings, Inc.",0.3688799130609637
Teck Metals Ltd.,TECK COMINCO,Lead,,Teck Resources,0.6468635268709981
Terrapure Environmental,NOVA PB 9997,Lead,,Environmental Solutions Group,0.49216156763801894
Terrapure Environmental,TONOLLI CANADA,Lead,,Environmental Solutions Group,0.49216156763801894
"Honghe Red Lead Chemical Co., Ltd.",HS Pb99.994PCT,Lead,,Red Group,0.3896852163970987
"Baiyin Nonferrous Group Co., Ltd.",IBIS,Lead,,U&B Co. Ltd,0.40917600637794294
"Henan Jinli Gold and Lead Group Co., Ltd",JIJIN,Lead,,Henan Yuguang Gold & Lead,0.5912682240220776
"Hunan Yuteng Nonferrous Metals Co., Ltd.",JINYUTENG,Lead,,Hunan Nonferrous Metals Group,0.7285467689234779
Shenzhen Zhongjin Lingnan Nonfemet Co. Ltd.,NH-R,Lead,,Shenzhen Water,0.3404337980286622
Guangxi Nandan Nanfang Metal Company Limited,NF,Lead,,Mil-Ver Metal Company Limited,0.24921400946547467
"Hunan Shui Kou Shan Nonferrous Metals Group Co., Ltd.",SKS,Lead,,Hunan Nonferrous Metals Group,0.6000423813406442
"Jiyuan Wanyang Smeltery Group Co., Ltd.",WANYANG,Lead,,U&B Co. Ltd,0.30552682916305834
"Henan Yuguang Gold and Lead Co., Ltd",YUGUANG,Lead,,Henan Yuguang Gold & Lead,0.906877797836536
"Yunnan Zhenxing Industry Group Co., Ltd.",YUNSHA PB99.994%MIN,Lead,,"Kyohatsu Industry Co., Ltd.",0.3659670425235785
"Yunnan Chihong Zinc & Germanium Co., Ltd.",YQ 99994,Lead,,U&B Co. Ltd,0.3129760931494133
"Luoyang Yongning Nonferrous Technology Co., Ltd",YNG,Lead,,U&B Co. Ltd,0.31119214413660173
Shadian Refinery,YY PB 99.994PCT,Lead,,Metal Refinery (EPZ),0.3881340260427663
Metalblanc,FMB PB970R,Lead,,1&1 Telecom (part of United Internet),0.0
Metalblanc,FMB PB985R,Lead,,1&1 Telecom (part of United Internet),0.0
Affinerie de Pont Sainte Maxence,GAST 970R,Lead,,Agroetanol de Veracruz S. de R.L. de C.V,0.1911527462834616
Societe de Traitements Chimiques des Metaux,STCM 970R,Lead,,Societe Generale Equipment Finance Limited,0.22761104958913111
Aurubis AG,AURUBIS F99.985,Lead,,Aurubis,0.7932465813779535
ECOBAT Resources Braubach,BSB,Lead,,Green Resources,0.21761050032440438
ECOBAT Resources Freiberg,F,Lead,,Green Resources,0.21761050032440438
Nordenham Metall GmbH,ME WESER,Lead,,Weser-Metall GmbH,0.580627682018523
ECOBAT Resources Stolberg,STOLBERG,Lead,,Green Resources,0.21761050032440438
Pondy Oxides and Chemicals Limited,POCL PB970R,Lead,,Agro Chemicals and Food Company Limited,0.34343741180624915
Hindustan Zinc Ltd.,VEDANTA 99.99,Lead,,Hindustan Zinc Ltd (part of Vedanta Resources),0.7142333739264761
Hindustan Zinc Ltd.,VEDANTA PB 99.99,Lead,,Hindustan Zinc Ltd (part of Vedanta Resources),0.7142333739264761
PT. Indra Eramulti Logam Industri,IMLI PB 99.97,Lead,,Indra,0.46293927966806864
PT. Indra Eramulti Logam Industri,IMLI PB 99.99,Lead,,Indra,0.46293927966806864
Hakurnas Lead Works Ltd.,HK970R,Lead,,One Works,0.3511237942181157
Piombifera Italiana S.p.A.,MAK-1,Lead,,Societa' Italiana Per Condotte d'Acqua,0.2963692703444817
Piomboleghe Srl,P. COLOMBO,Lead,,Tercos Srl,0.42847428451405956
Eco-Bat S.r.l.,ECO BAT,Lead,,Eco-Bat Technologies Ltd.,0.8761174058877719
Portovesme Srl,SAN GAVINO,Lead,,Tercos Srl,0.4382163534335207
Mitsui Mining & Smelting Co Ltd,EMK-K,Lead,,Mitsui Mining,0.7044738742240709
Mitsui Mining & Smelting Co Ltd,EMK-T,Lead,,Mitsui Mining,0.7044738742240709
Toho Zinc Co Ltd,TAK,Lead,,Toho Gas,0.5755746092019289
"Hosokura Metal Mining Co., Ltd.",THREE DIAMOND,Lead,,U&B Co. Ltd,0.3927054700628567
Kazzinc Ltd.,YK,Lead,,Kazzinc,0.9445625219116948
Korea Zinc Co Ltd,KZ-LEAD,Lead,,Korea Zinc Group,0.8388512395345069
Joong-IL Metals Inc.,JIM 99.985,Lead,,Il Granchio,0.40780870934814667
Arayby for Industrial & Trading Company s.a.r.l.,ARAYBY 99.97% MADE IN A.C. LEBANON,Lead,,Gulf House Company for Trading and Contracting,0.41087971162851095
Arayby for Industrial & Trading Company s.a.r.l.,ARAYBY 99.985% MADE IN A.C. LEBANON,Lead,,Gulf House Company for Trading and Contracting,0.41087971162851095
Metalurgica Met-Mex Penoles SA de CV,PENOLES,Lead,,Autovan SA de CV,0.41646548856142107
"Corporación Pipsa, S.A. de C.V.",PIPSA 99.970%,Lead,,Corporación Venezolana de Guyana,0.4115677461613925
Orzel Bialy S.A.,EAGLE 9997,Lead,,1&1 Telecom (part of United Internet),0.0
"Huta Cynku ""Miasteczko Slaskie"" S.A.",H20POLSKAMS,Lead,,Huta Marine,0.382039736457494
KGHM Polska Miedz SA,KGHM PB970R,Lead,,KGHM Polska MiedŸ S.A,0.5584690329295998
KGHM Polska Miedz SA,KGHM PB985R,Lead,,KGHM Polska MiedŸ S.A,0.5584690329295998
KGHM Polska Miedz SA,KGHM PB990R,Lead,,KGHM Polska MiedŸ S.A,0.5584690329295998
Fregat LLC,FRGT PB985R,Lead,,Energy LLC,0.34135485225081563
Fry's Metals - a Division of Zimco Group (Pty) Ltd,FRY'S 99.97 RSL,Lead,,"Fry's Electronics, Inc.",0.3564114002952293
"Metalurgica de Medina, S.A.",FESA,Lead,,Agroetanol de Veracruz S. de R.L. de C.V,0.27460012211782825
Derichebourg España S.A.U,RECOBAT PB,Lead,,Red Eléctrica de España,0.4132622395343993
Derichebourg España S.A.U,RECOBAT PB985R,Lead,,Red Eléctrica de España,0.4132622395343993
"Exide Technologies, S.L.U.",TUDOR,Lead,,Exide,0.8485508186875194
Boliden Bergsoe AB,BERA,Lead,,Boliden,0.5903560251098925
Boliden Mineral AB,BOLIDEN 9997,Lead,,Boliden,0.6280370198933237
Jian Shin Resources Corporation,JS PB970R,Lead,,Shin,0.5766592514729669
Thye Ming Industrial Co Ltd,TMI,Lead,,Yang Ming (UK) Ltd,0.41210794443676824
"Bergsoe Metals Co., Ltd",BML PB99.97,Lead,,U&B Co. Ltd,0.45013445816182496
"Bergsoe Metals Co., Ltd.",XINXIN.BML 99.994,Lead,,U&B Co. Ltd,0.45013445816182496
Britannia Refined Metals Ltd,BLCO 9997%,Lead,,Britannia Pharmaceuticals Ltd.,0.5118377757472852
Britannia Refined Metals Ltd,BLCO 9999%,Lead,,Britannia Pharmaceuticals Ltd.,0.5118377757472852
Britannia Refined Metals Ltd,BLCO 99994%,Lead,,Britannia Pharmaceuticals Ltd.,0.5118377757472852
Britannia Refined Metals Ltd,BLCO 99995%,Lead,,Britannia Pharmaceuticals Ltd.,0.5118377757472852
Britannia Refined Metals Ltd,BLCO 99985,Lead,,Britannia Pharmaceuticals Ltd.,0.5118377757472852
H.J. Enthoven & Sons,HJ ENTHOVEN & SONS,Lead,,E.J. Taylor & Sons Limited,0.33627317223176495
"CJSC ""SVINETS""",SVINETS 99.97,Lead,,International Energy Corporation CJSC,0.46841221353777523
"CJSC ""SVINETS""",SVINETS 99.99,Lead,,International Energy Corporation CJSC,0.46841221353777523
"Sanders Lead Co., Ltd.",SANDERS,Lead,,Lead Concentrates (Thailand) Co.,0.4026319988689256
RSR Corporation,REVERE,Lead,,Corporation Sun,0.24543744908180967
RSR Corporation,RSR-CLFR,Lead,,Corporation Sun,0.24543744908180967
RSR Corporation,RSR-INDY,Lead,,Corporation Sun,0.24543744908180967
Nyrstar Sales & Marketing AG,NYRSTAR A-Z Z1,Special High Grade Zinc,Australia,Nyrstar,0.5601568397971494
Sun Metals Corporation Pty Ltd,SMC SHG 99.995,Special High Grade Zinc,Australia,Corporation Sun,0.6434975925051664
Nyrstar Sales & Marketing AG,NYRSTAR OVERPELT Z1,Special High Grade Zinc,Belgium,Nyrstar,0.5601568397971494
Nexa Recursos Minerais S.A.,VOTORANTIM JF ZINC SHG,Special High Grade Zinc,Brazil,Nexa Resources (part of Votorantim),0.32768913339346306
Nexa Recursos Minerais S.A.,VOTORANTIM TM ZINC SHG,Special High Grade Zinc,Brazil,Nexa Resources (part of Votorantim),0.32768913339346306
KCM AD,KUM 99.995,Special High Grade Zinc,Bulgaria,"MS&AD Insurance Group Holdings, Inc.",0.3688799130609637
"Canadian Electrolytic Zinc Limited, On behalf of Noranda Income Limited Partnership",CEZINC SHG,Special High Grade Zinc,Canada,On-Line Partnership Group Limited,0.3563439983586586
Teck Metals Ltd.,TECK COMINCO CANADA SHG,Special High Grade Zinc,Canada,Teck Resources,0.6468635268709981
"Hanzhong Zinc Industry Co., Ltd",BYXY SHG,Special High Grade Zinc,China,"Kyohatsu Industry Co., Ltd.",0.3828476986220297
"Sichuan Hongda Co., Ltd.",G CI SHAN SHG,Special High Grade Zinc,China,Jiangsu Hongda,0.5035491145857842
"Huludao Zinc Industry Co., Ltd.",HX SHG,Special High Grade Zinc,China,"Kyohatsu Industry Co., Ltd.",0.3828476986220297
"Chifeng NFC Zinc Co., Ltd.",HY99.995,Special High Grade Zinc,China,"Chifeng Jilong Gold Mining Co., Ltd. (Chifeng Gold)",0.4949516924283257
"Baiyin Nonferrous Group Co., Ltd.",IBIS SHG,Special High Grade Zinc,China,U&B Co. Ltd,0.40917600637794294
Shenzhen Zhongjin Lingnan Nonfemet Co. Ltd.,NH-SHG,Special High Grade Zinc,China,Shenzhen Water,0.3404337980286622
"Zhuzhou Smelter Group Co., Ltd.",TORCH III SHG,Special High Grade Zinc,China,Hunan Zhuzhou Chemical Industry,0.4103565093991916
"Henan Yuguang Zinc Industry Co., Ltd.",YG SHG,Special High Grade Zinc,China,Henan Yuguang Gold & Lead,0.5571179185062566
"Yunnan Chihong Zinc & Germanium Co., Ltd.",YH99.995,Special High Grade Zinc,China,U&B Co. Ltd,0.3129760931494133
"Yunnan Chihong Zinc & Germanium Co., Ltd.",YQ99.995,Special High Grade Zinc,China,U&B Co. Ltd,0.3129760931494133
"Bayannaoer Zijin Non-ferrous Metal Co., Ltd",ZIJIN SHG,Special High Grade Zinc,China,Baiyin Non-ferrous Metal,0.5739607191837447
Boliden Kokkola Oy,KOKKOLA ZINC SHG,Special High Grade Zinc,Finland,Boliden,0.5535135913195767
Hindustan Zinc Ltd.,HZL SHG 99.995,Special High Grade Zinc,India,Hindustan Zinc Ltd (part of Vedanta Resources),0.7142333739264761
Hindustan Zinc Ltd.,HZL Zn SHG 99.995,Special High Grade Zinc,India,Hindustan Zinc Ltd (part of Vedanta Resources),0.7142333739264761
Hindustan Zinc Ltd.,VEDANTA SHG 99.995,Special High Grade Zinc,India,Hindustan Zinc Ltd (part of Vedanta Resources),0.7142333739264761
Hindustan Zinc Ltd.,VEDANTA Zn SHG 99.995,Special High Grade Zinc,India,Hindustan Zinc Ltd (part of Vedanta Resources),0.7142333739264761
Portovesme Srl,NUOVA SAMIM Zn 99.995%,Special High Grade Zinc,Italy,Tercos Srl,0.4382163534335207
Akita Zinc Co Ltd,AZC SHG,Special High Grade Zinc,Japan,U&B Co. Ltd,0.4138588346856474
Mitsui Mining & Smelting Co Ltd,EMC-H SHG,Special High Grade Zinc,Japan,Mitsui Mining,0.7044738742240709
Mitsui Mining & Smelting Co Ltd,EMC-K SHG,Special High Grade Zinc,Japan,Mitsui Mining,0.7044738742240709
Mitsui Mining & Smelting Co Ltd,HSC-SHG,Special High Grade Zinc,Japan,Mitsui Mining,0.7044738742240709
Toho Zinc Co Ltd,TOHO SHG,Special High Grade Zinc,Japan,Toho Gas,0.5755746092019289
Korea Zinc Co Ltd,KZ-SHG 99.995,Special High Grade Zinc,Korea (South),Korea Zinc Group,0.8388512395345069
Young Poong Corporation,YP-SHG,Special High Grade Zinc,Korea (South),J & A Young Group Limited,0.5178005974246062
"Industrial Minera Mexico, S.A. de C.V.",IMM SLP SHG99995,Special High Grade Zinc,Mexico,Wal-Mart de Mexico,0.48130668173852653
Metalurgica Met-Mex Penoles SA de CV,PENOLES SHG,Special High Grade Zinc,Mexico,Autovan SA de CV,0.41646548856142107
Namzinc (Proprietary) Ltd,SZ SHG,Special High Grade Zinc,Nambia,A&P Group Ltd.,0.16294296634874347
Nyrstar Sales & Marketing AG,NYRSTAR NL Z1,Special High Grade Zinc,Netherlands,Nyrstar,0.5601568397971494
Boliden Odda AS,NORZINK MADE IN NORWAY SHG,Special High Grade Zinc,Norway,Boliden,0.5697604680752766
Nexa Resources Cajamarquilla S.A.,VOTORANTIM CJ ZINC SHG,Special High Grade Zinc,Peru,Nexa Resources (part of Votorantim),0.5069125876880866
"Huta Cynku ""Miasteczko Slaskie"" S.A.",HCM SHG 99.995,Special High Grade Zinc,Poland,Huta Marine,0.382039736457494
Zaklady Gorniczo-Hutnicze “Boleslaw”,ZGH Z1,Special High Grade Zinc,Poland,1&1 Telecom (part of United Internet),0.0
Joint Stock Company Chelyabinsk Zinc Plant,CZP SHG,Special High Grade Zinc,Russia,Vietnam International Commercial Joint Stock Bank,0.32125286712105017
Asturiana de Zinc S.A.U.,ASTUZINC ELECTRO 99.995%,Special High Grade Zinc,Spain,Asturiana de Zinc (part of Glencore),0.818386248921437
Nyrstar Sales & Marketing AG,NYRSTAR CLARKSVILLE Z1,Special High Grade Zinc,USA,Nyrstar,0.5601568397971494
Aurubis Beerse NV,M,Tin,Belgium,Aurubis,0.5517701755603661
Empresa Metalurgica Vinto,ENAF,Tin,Bolivia,Empresa Metalúrgica Vinto,0.632903044828637
Mineracao Taboca SA,MAMORE,Tin,Brazil,Mineração Taboca S.A. (part of Minsur),0.36233744194014317
White Solder Metalurgia e Mineracao LTDA,WHITE SOLDER BR,Tin,Brazil,T. H. White Holdings Limited,0.3249398328647923
China Tin Smelter Co. Ltd.,JH,Tin,China,U&B Co. Ltd,0.3898765719233557
"Gejiu Zili Mining and Smelting Co., Ltd.",YS,Tin,China,PT Smelting,0.3156160376344837
Yunnan Tin Company Limited,YT,Tin,China,"Yunnan Joint Power Development (joint venture Yunnan Huaneng Lancang River Hydropower, Yunnan Power Grid, YMEC)",0.39557896996891245
"Yunnan Chengfeng Non-Ferrous Metals Co., Ltd.",YUNHENG,Tin,China,Baiyin Non-ferrous Metal,0.44071614123832414
"Gejiu Kaimeng Industry and Trade Co., Ltd",YUNXIANG,Tin,China,"Kyohatsu Industry Co., Ltd.",0.3101176705585746
Gejiu Jinye Renewable Technology Co Ltd,YINSHENG,Tin,China,Lightsource Renewable Energy Ltd.,0.3164658930914471
PT Timah Tbk.,BANKA,Tin,Indonesia ,PT Timah,0.7792383699327416
PT. Bukit Timah,IMLI,Tin,Indonesia ,PT Timah,0.7679386535725445
PT. Babel Inti Perkasa,IMLI BELITUNG,Tin,Indonesia ,PT Bio Inti Agrindo,0.4296882306666794
PT Timah Tbk.,KUNDUR,Tin,Indonesia ,PT Timah,0.7792383699327416
PT Timah Tbk.,MENTOK,Tin,Indonesia ,PT Timah,0.7792383699327416
PT. Mitra Stania Prima,MSP,Tin,Indonesia ,Prima,0.48130410240003013
PT. Refined Bangka Tin,RBT,Tin,Indonesia ,PT Bangka Asindo Agri (BAA),0.3880038284006584
PT. Tinindo Inter Nusa,TININDO,Tin,Indonesia ,Inter Tobacco,0.35816873209226874
PT. Prima Timah Utama,PTU,Tin,Indonesia ,PT Timah,0.6583429514582295
Malaysia Smelting Corporation Bhd.,MALAYSIA SMELTING CORPORATION,Tin,Malaysia,Malaysia Smelting,0.7722281277166847
Malaysia Smelting Corporation Bhd.,MALAYSIA SMELTING CORPORATION STRAITS REFINED TIN,Tin,Malaysia,Malaysia Smelting,0.7722281277166847
Thailand Smelting & Refining Co Ltd,PHUKET,Tin,Thailand,Thailand Smelting and Refining (part of AMC Group),0.6944615664307918
Thailand Smelting & Refining Co Ltd,THAISARCO,Tin,Thailand,Thailand Smelting and Refining (part of AMC Group),0.6944615664307918
BHP Billiton Nickel West Pty Ltd,BHP BILLITON NICKEL BRIQUETTES,Primary Nickel,Australia,BHP,0.45718030275953175
BHP Nickel West Pty Ltd,BHP NICKEL BRIQUETTES,Primary Nickel,Australia,BHP,0.5327130985670608
Minara Resources Pty Ltd,MINARA HIGH GRADE NICKEL BRIQUETTES,Primary Nickel,Australia,Minara Resources,0.793803983680449
Votorantim Metais S.A.,TOCANTINS,Primary Nickel,Brazil,Votorantim,0.691758746599573
The Cobalt Refinery Company Inc,SHERRITT NICKEL BRIQUETTES,Primary Nickel,Canada,Jiangsu Cobalt,0.3970068292685128
Vale Canada Limited,VALE MELT ROUNDS,Primary Nickel,Canada,Vale,0.7140949767617557
Vale Canada Limited,VALE NICKEL PELLETS,Primary Nickel,Canada,Vale,0.7140949767617557
Vale Canada Limited,VALE PLATING ROUNDS,Primary Nickel,Canada,Vale,0.7140949767617557
"Yantai Cash Industrial Co., Ltd.",CASH,Primary Nickel,China,Cash Inn Ltd,0.42555847211800135
"Jinchuan Group Co., Ltd.",JINTUO GRADE 1,Primary Nickel,China,Jinchuan Group,0.8566019455924915
Norilsk Nickel Harjavalta Oy,NORILSK NICKEL HARJAVALTA CATHODES,Primary Nickel,Finland,Norilsk Nickel,0.680649089098412
Norilsk Nickel Harjavalta Oy,NORILSK NICKEL HARJAVALTA BRIQUETTES,Primary Nickel,Finland,Norilsk Nickel,0.680649089098412
Sibanye-Stillwater Sandouville Refinery,NICKEL HP,Primary Nickel,France,Sibanye-Stillwater,0.7142903234658067
"Sumitomo Metal Mining Co., Ltd.",SUMITOMO METAL MINING CO. LTD,Primary Nickel,Japan,Sumitomo Metal Mining (part of Sumitomo Group),0.7969320089798488
"Sumitomo Metal Mining Co., Ltd.",SMM,Primary Nickel,Japan,Sumitomo Metal Mining (part of Sumitomo Group),0.7969320089798488
"Dynatec Madagascar S.A. a ""société anonyme""",AMBATOVY NICKEL BRIQUETTES,Primary Nickel,Madagascar,Société Générale,0.27464119427770606
Glencore Nikkelverk AS,NIKKELVERK NICKEL,Primary Nickel,Norway,Glencore,0.5356737424018178
"JSC ""Kola GMK""",NORNICKEL,Primary Nickel,Russia,Ozenmunaigaz JSC,0.31050962633112006
"JSC ""Kola GMK""",SEVERONICKEL COMBINE H-1,Primary Nickel,Russia,Ozenmunaigaz JSC,0.31050962633112006
"JSC ""Kola GMK""",SEVERONICKEL COMBINE H-1Y,Primary Nickel,Russia,Ozenmunaigaz JSC,0.31050962633112006
Impala Platinum Ltd,IMPALA NICKEL,Primary Nickel,South Africa,Impala Platinum (Implats),0.7591510680583242
Rustenburg Platinum Mines Limited,RPM NICKEL,Primary Nickel,South Africa,Platinum International Ltd,0.4497848504927616
Vale Canada Limited produced by Vale Europe Limited,VALE NICKEL PELLETS,Primary Nickel,UK,Vale,0.688133908439089
RioZim Limited,BCL EMPRESS,Primary Nickel,Zimbabwe,RioZim Murowa Diamond Mine,0.5162057237156004
Aluar Aluminio Argentino SAIC,ALUAR,High Grade Primary Aluminium,Argentina,Aluminio Argentino SAIC (Aluar),1.0000000000000002
Rio Tinto Aluminium (Bell Bay) Limited,BBY,High Grade Primary Aluminium,Australia,Rio Tinto,0.6279339405212029
Boyne Smelters Ltd,BSL,High Grade Primary Aluminium,Australia,A&P Group Ltd.,0.16599493834117154
Alcoa Portland Aluminium Pty Ltd,PORTLAND,High Grade Primary Aluminium,Australia,Alcoa,0.4923266754005727
Tomago Aluminium Co Pty Ltd,TOMAGO,High Grade Primary Aluminium,Australia,Tomago Aluminium,0.7731796612647313
Aluminium Bahrain BSC (c),ALBA,High Grade Primary Aluminium,Bahrain,Alba (Aluminium Bahrain),0.5436730782061658
Albras Aluminio Brasileiro SA,ALBRAS,High Grade Primary Aluminium,Brazil ,Kingtom Aluminio,0.2758506342415537
Alcoa Aluminio SA,ALCOA BRASIL,High Grade Primary Aluminium,Brazil ,Alcoa,0.5994465066632315
Companhia Brasileira de Aluminio,CBA,High Grade Primary Aluminium,Brazil ,CBA (Companhia Brasileira de Aluminio),0.8399850790376386
Alcoa Aluminio SA,SAO LUIS,High Grade Primary Aluminium,Brazil ,Alcoa,0.5994465066632315
BHP Billiton Metais SA,SAO LUIS,High Grade Primary Aluminium,Brazil ,BHP,0.4851289095477485
Alucam,ALUCAM,High Grade Primary Aluminium,Cameroon,1&1 Telecom (part of United Internet),0.0
Rio Tinto Alcan Inc.,AAR,High Grade Primary Aluminium,Canada,Rio Tinto Alcan (part of Rio Tinto),0.8925773164504398
Alcoa Corporation,ABCQ,High Grade Primary Aluminium,Canada,Alcoa,0.8532094270414128
Aluminerie de Becancour Inc.,ABI,High Grade Primary Aluminium,Canada,Agroetanol de Veracruz S. de R.L. de C.V,0.2639827598460717
Rio Tinto Alcan Inc.,ALMA,High Grade Primary Aluminium,Canada,Rio Tinto Alcan (part of Rio Tinto),0.8925773164504398
Aluminerie Alouette Inc.,ALOUETTE,High Grade Primary Aluminium,Canada,L & L INC Limited,0.24798263865743808
Alcoa Corporation,DESCHAMBAULT,High Grade Primary Aluminium,Canada,Alcoa,0.8532094270414128
Rio Tinto Alcan Inc.,GBAIE,High Grade Primary Aluminium,Canada,Rio Tinto Alcan (part of Rio Tinto),0.8925773164504398
Rio Tinto Alcan Inc.,KIT,High Grade Primary Aluminium,Canada,Rio Tinto Alcan (part of Rio Tinto),0.8925773164504398
Rio Tinto Alcan Inc.,LAT,High Grade Primary Aluminium,Canada,Rio Tinto Alcan (part of Rio Tinto),0.8925773164504398
Rio Tinto Alcan Inc.,PLS,High Grade Primary Aluminium,Canada,Rio Tinto Alcan (part of Rio Tinto),0.8925773164504398
"Sichuan Guangyuan Aostar Aluminium Co., Ltd.",AST,High Grade Primary Aluminium,China,Guangyuan Paper Co. Ltd. Wuzhi County,0.3655888490252558
Baotou Aluminium (Group) Co. Ltd,BTL,High Grade Primary Aluminium,China,U&B Co. Ltd,0.4255037899786769
"Aluminium Corporation of China Ltd, CHALCO",G*L,High Grade Primary Aluminium,China,Chalco (Aluminum Corporation of China),0.7236443202754732
"Aluminium Corporation of China Ltd, CHALCO",LL2,High Grade Primary Aluminium,China,Chalco (Aluminum Corporation of China),0.7236443202754732
"Lanzhou Liancheng Aluminium Industrial Co., Ltd",LLL,High Grade Primary Aluminium,China,U&B Co. Ltd,0.31832506613107703
"Aluminium Corporation of China Ltd, CHALCO",QHAS,High Grade Primary Aluminium,China,Chalco (Aluminum Corporation of China),0.7236443202754732
Qingtongxia Aluminium Holding Co Ltd,QTX ND,High Grade Primary Aluminium,China,L&O Holding,0.4351659611513097
Qingtongxia Aluminium Holding Co Ltd,QTX,High Grade Primary Aluminium,China,L&O Holding,0.4351659611513097
"Henan Shenhuo Coal & Power Co., Ltd",RG,High Grade Primary Aluminium,China,Henan Jianghe Paper Co. Ltd,0.37309035608698093
Jiaozuo Wanfang Aluminium Manufacturing Co. Ltd,WF,High Grade Primary Aluminium,China,U&B Co. Ltd,0.3171750224544889
Yunnan Aluminium Co. Ltd,YL YL,High Grade Primary Aluminium,China,U&B Co. Ltd,0.47926622965752164
The Aluminium Company of Egypt,EGYPTALUM,High Grade Primary Aluminium,Egypt,Telecom Egypt,0.5349238842000866
Aluminium Dunkerque,AD,High Grade Primary Aluminium,France,Gulf Aluminium,0.36105870663852213
Trimet France,TASJ,High Grade Primary Aluminium,France,Banque de France,0.44365803992630376
TRIMET Aluminium SE,TAE,High Grade Primary Aluminium,Germany,SE&M Consultants,0.39455029481375264
TRIMET Aluminium SE,TAHH,High Grade Primary Aluminium,Germany,SE&M Consultants,0.39455029481375264
Mytilineos S.A.,AoG,High Grade Primary Aluminium,Greece,Mytilineos,1.0
Alcoa Corporation,AFJA,High Grade Primary Aluminium,Iceland,Alcoa,0.8532094270414128
Alcan Iceland Ltd.,ISAL,High Grade Primary Aluminium,Iceland,Iceland Foods Limited,0.5721961654183457
Nordural - Grundartangi ehf.,NA NA,High Grade Primary Aluminium,Iceland,1&1 Telecom (part of United Internet),0.0
Bharat Aluminium Co. Ltd.,BHARATAL,High Grade Primary Aluminium,India,Bharat Aluminium (part of Vedanta Resources),0.6049892488469654
Hindalco Industries Limited,HINDALCO AD,High Grade Primary Aluminium,India,Hindalco (part of Aditya Birla Group),0.42521536213290045
Hindalco Industries Limited,HINDALCO HK,High Grade Primary Aluminium,India,Hindalco (part of Aditya Birla Group),0.42521536213290045
Hindalco Industries Limited,HINDALCO MH,High Grade Primary Aluminium,India,Hindalco (part of Aditya Birla Group),0.42521536213290045
Hindalco Industries Limited,HINDALCO,High Grade Primary Aluminium,India,Hindalco (part of Aditya Birla Group),0.42521536213290045
National Aluminium Co Ltd,NALCO,High Grade Primary Aluminium,India,National Contracting Co.,0.5748213922394495
Vedanta Limited,VEDANTA,High Grade Primary Aluminium,India,Vedanta Resources Limited,0.8528011955107407
Vedanta Limited,VEDANTAL,High Grade Primary Aluminium,India,Vedanta Resources Limited,0.8528011955107407
PT Indonesia Asahan Aluminium (Persero),INAL,High Grade Primary Aluminium,Indonesia,PT PLN Persero,0.4794596723642436
Iranian Aluminium Co,IRALCO,High Grade Primary Aluminium,Iran,National Iranian Oil Co,0.6532290784176183
"""Kazakhstan Aluminium Smelter"" JSC",KAS,High Grade Primary Aluminium,Kazakhstan,Otbasy Bank (formerly Housing Construction Saving Bank of Kazakhstan JSC),0.38064716882173333
Press Metal Bintulu Sdn Bhd,PMB,High Grade Primary Aluminium,Malaysia,Press Metal UK Limited,0.5363354670581586
Press Metal Sarawak Sdn. Bhd.,PMS,High Grade Primary Aluminium,Malaysia,Press Metal UK Limited,0.5405724453189699
Kombinat Aluminijuma Podgorica,KAP,High Grade Primary Aluminium,Montenegro,1&1 Telecom (part of United Internet),0.0
Mozal S.A.R.L,MOZAL,High Grade Primary Aluminium,Mozambique,1&1 Telecom (part of United Internet),0.0
DAMCO Aluminium Delfzijl Coöperatie U.A.,DELFZIJL,High Grade Primary Aluminium,Netherlands,Damco UK Limited,0.4673593455194929
New Zealand Aluminium Smelters Ltd,NZAS,High Grade Primary Aluminium,New Zealand,Bank of New Zealand,0.5743245282816237
Alcoa Norway ANS,EAM,High Grade Primary Aluminium,Norway,Ans Group Limited,0.5546923825585
Hydro Aluminium AS (Ardal),HYDRO A,High Grade Primary Aluminium,Norway,Norsk Hydro (Hydro),0.4202957583075338
Hydro Aluminium AS (Hoyanger),HYDRO H,High Grade Primary Aluminium,Norway,Norsk Hydro (Hydro),0.4202957583075338
Hydro Aluminium AS (Karmoy),HYDRO K,High Grade Primary Aluminium,Norway,Norsk Hydro (Hydro),0.4202957583075338
Hydro Aluminium AS (Sunndalsora),HYDRO S,High Grade Primary Aluminium,Norway,Norsk Hydro (Hydro),0.4202957583075338
Hydro Aluminium AS,SOERAL,High Grade Primary Aluminium,Norway,Norsk Hydro (Hydro),0.535548681601924
Sohar Aluminium Company LLC,SOHAR,High Grade Primary Aluminium,Oman,M&S Company,0.3308936745406292
Qatar Aluminium Limited (Q.S.C.),QATALUM,High Grade Primary Aluminium,Qatar,Qatar University,0.5542416419391702
S.C. Alro S.A.,ALRO,High Grade Primary Aluminium,Romania,1&1 Telecom (part of United Internet),0.0
JSC Boguchany Aluminium Smelter,BOAZ,High Grade Primary Aluminium,Russia,Ozenmunaigaz JSC,0.287313607431288
United Company RUSAL Kandalaksha Aluminium Smelter,KAZ SUAL,High Grade Primary Aluminium,Russia,RUSAL,0.44567527399867296
Nadvoitsky Aluminium Plant of Siberian-Urals Aluminium Smelter,NAZ SUAL,High Grade Primary Aluminium,Russia,Siberian Urals Aluminium Company (SUAL),0.5898607945716721
"Public Joint Stock Company ""RUSAL Bratsk Aluminium Smelter""",RUSAL B,High Grade Primary Aluminium,Russia,RUSAL,0.3948319439330353
Affiliate of PJSC “RUSAL Bratsk” in Shelekhov,RUSAL I,High Grade Primary Aluminium,Russia,RUSAL,0.3629356962298426
"Joint Stock Company ""RUSAL Krasnoyarsk Aluminium Smelter""",RUSAL K,High Grade Primary Aluminium,Russia,RUSAL,0.4128885707288942
"Joint Stock Company ""RUSAL Sayanogorsk Aluminium Smelter""",RUSAL KH,High Grade Primary Aluminium,Russia,RUSAL,0.41706035190941537
"Joint Stock Company ""RUSAL Novokuznetsk Aluminium Smelter""",RUSAL N,High Grade Primary Aluminium,Russia,RUSAL,0.4128885707288942
"Joint Stock Company ""RUSAL Sayanogorsk Aluminium Smelter""",RUSAL S,High Grade Primary Aluminium,Russia,RUSAL,0.41706035190941537
United Company RUSAL Volgograd Aluminium Smelter,RUSAL VG,High Grade Primary Aluminium,Russia,RUSAL,0.44567527399867296
Ma'aden Aluminium Company,YALMA,High Grade Primary Aluminium,Saudi Arabia,MA Kharafi & Sons,0.3829764156203357
Slovalco a.s.,SLOVALCO,High Grade Primary Aluminium,Slovakia,1&1 Telecom (part of United Internet),0.0
Hillside Aluminium,HILLSIDE,High Grade Primary Aluminium,South Africa,Gulf Aluminium,0.36105870663852213
Alcoa Inespal Aviles S.L.,ALCOA INESPAL AV,High Grade Primary Aluminium,Spain,Alcoa,0.47721137135312197
Alcoa Corporation,ALCOA-SC,High Grade Primary Aluminium,Spain,Alcoa,0.8532094270414128
EGA Emirates Global Aluminium,DUBAL,High Grade Primary Aluminium,UAE,Emirates Global Aluminium,0.7748613866480637
EGA Emirates Global Aluminium,EMAL,High Grade Primary Aluminium,UAE,Emirates Global Aluminium,0.7748613866480637
Alvance British Aluminium Ltd.,LIBERTY BA,High Grade Primary Aluminium,UK,British Energy,0.39230096699078093
Alcoa Corporation,ALCOA,High Grade Primary Aluminium,USA,Alcoa,0.8532094270414128
"Century Aluminum of Kentucky, G.P.",CENTURY,High Grade Primary Aluminium,USA,Century Mining,0.4342835823243447
Alcoa Corporation,INTALCO,High Grade Primary Aluminium,USA,Alcoa,0.8532094270414128
"Alcoa, Inc.",ME ALCOA,High Grade Primary Aluminium,USA,Alcoa,0.8781158243173995
Century Aluminum of South Carolina Inc.,MT HOLLY,High Grade Primary Aluminium,USA,Century Mining,0.38839046135137395
Century Aluminum Sebree LLC,SEB,High Grade Primary Aluminium,USA,Century Mining,0.4131184688349616
Alcoa Corporation,WAR ALCOA,High Grade Primary Aluminium,USA,Alcoa,0.8532094270414128
"Alcoa, Inc.",WE ALCOA,High Grade Primary Aluminium,USA,Alcoa,0.8781158243173995
CVG Industria Venezolana de Aluminio CA,VENALUM,High Grade Primary Aluminium,Venezuela,CVG Industria Venezolana de Aluminio C.A. (CVG VENALUM),0.7758788183234168
Alcoa Portland Aluminium Pty Ltd,PORTLAND,Aluminium Alloy,Australia,Alcoa,0.4923266754005727
Tomago Aluminium Co Pty Ltd,TOMAGO,Aluminium Alloy,Australia,Tomago Aluminium,0.7731796612647313
Real Alloy Canada Ltd.,WABASH M,Aluminium Alloy,Canada,Real,0.526132915821212
Ye Chiu Metal Recycling (China) Ltd.,YECHIU TC,Aluminium Alloy,China,European Metal Recycling,0.48339529406123105
Zhangzhou Sigma Metals Inc.,ZSM,Aluminium Alloy,China,"Sigma Designs, Inc.",0.45972144190828085
Kuusakoski Oy,K,Aluminium Alloy,Finland,Akkerman Finland Oy,0.34453570699613445
Refinal Industries SA,REFINAL,Aluminium Alloy,France,Zetes Industries SA,0.42886938998442553
TRIMET Aluminium SE,MW,Aluminium Alloy,Germany,SE&M Consultants,0.39455029481375264
Oetinger Aluminium NU GmbH,OE,Aluminium Alloy,Germany,the nu company,0.4604714913291015
TRIMET Aluminium SE,TAG,Aluminium Alloy,Germany,SE&M Consultants,0.39455029481375264
Real Alloy (Germany) GbmH,VAWICC,Aluminium Alloy,Germany,Real,0.4281831837055315
Real Alloy (Germany) GbmH,VAW-IMCO E,Aluminium Alloy,Germany,Real,0.4281831837055315
Real Alloy (Germany) GbmH,VAW-IMCO Innwerk,Aluminium Alloy,Germany,Real,0.4281831837055315
P.T. H.P. Metals Indonesia,HP,Aluminium Alloy,Indonesia,Garuda Indonesia,0.4920096105247249
FECS Partecipazioni S.p.A.,FECS,Aluminium Alloy,Italy,1&1 Telecom (part of United Internet),0.0
Raffmetal S.p.A.,R.M.,Aluminium Alloy,Italy,1&1 Telecom (part of United Internet),0.0
Sacal Societa Alluminio Carisio S.p.A.,SACAL,Aluminium Alloy,Italy,Societa' Italiana Per Condotte d'Acqua,0.21245674357727493
Intals S.p.A.,VM,Aluminium Alloy,Italy,1&1 Telecom (part of United Internet),0.0
Ahresty Corporation,AHRESTY,Aluminium Alloy,Japan,Corporation Sun,0.23203454298386317
Daiki Aluminium Industry (Malaysia) Sdn. Bhd.,DIKM,Aluminium Alloy,Malaysia,SDN Limited,0.4019202820253071
Ye Chiu Metal Smelting Sdn. Bhd.,YE CHIU,Aluminium Alloy,Malaysia,SDN Limited,0.38914429199059275
Real Alloy Mexico S. DE R.L. DE C.V.,WABASH V,Aluminium Alloy,Mexico,Wal-Mart de Mexico,0.48257913117675527
Sun Metal Industries Ltd,SUPER,Aluminium Alloy,Nigeria,Sun Pharmaceutical Industries Limited,0.5686361852948609
Russian Aluminium Alloys Ltd.,BMC,Aluminium Alloy,Russia,Russian Coal,0.5075677836091967
"""Mordovvtorsiryo"" LLC",MK MBC,Aluminium Alloy,Russia,Energy LLC,0.35201024039117235
Permtsvetmet JSC,PTM,Aluminium Alloy,Russia,Ozenmunaigaz JSC,0.37977130149862653
"Public Joint Stock Company ""RUSAL Bratsk Aluminium Smelter""",RUSAL B,Aluminium Alloy,Russia,RUSAL,0.3948319439330353
"SEAL & Co., Ltd",S,Aluminium Alloy,Russia,Al Seal Contracting and Trading,0.5339062906840315
"Befesa Aluminio, S.L.",ALCASA,Aluminium Alloy,Spain,Befesa,0.7525052929212401
Alusigma S.A.,ALUSIGMA,Aluminium Alloy,Spain,1&1 Telecom (part of United Internet),0.0
"Aluminio La Estrella, S.L.U.",LA ESTRELLA,Aluminium Alloy,Spain,Kingtom Aluminio,0.34084603173789624
Refineria De Aluminio S.L,REFIAL,Aluminium Alloy,Spain,Kingtom Aluminio,0.35859931143046553
"Befesa Aluminio, S.L.",REMETAL,Aluminium Alloy,Spain,Befesa,0.7525052929212401
Stena Aluminium AB,STENA A,Aluminium Alloy,Sweden,Stena Recycling,0.49245018393056667
"Charng Chyi Aluminum Co., Ltd.",CC,Aluminium Alloy,Taiwan,U&B Co. Ltd,0.3384824186337343
Sigma Brothers Inc.,SBI,Aluminium Alloy,Taiwan,"Sigma Designs, Inc.",0.5841677871980064
"Daiki Aluminium Industry (Thailand) Co., Ltd.",DIK,Aluminium Alloy,Thailand,"Kyohatsu Industry Co., Ltd.",0.3505569731434303
Mekhanicheskiy Zavod Ltd,MZ,Aluminium Alloy,Ukraine,A&P Group Ltd.,0.16294296634874347
"""TPK Ukrsplav "" Ltd",URV,Aluminium Alloy,Ukraine,A&P Group Ltd.,0.16294296634874347
Coleshill Aluminium Ltd,CAL,Aluminium Alloy,UK,Gulf Aluminium,0.35672384236566435
JBM International Ltd,JBMI,Aluminium Alloy,UK,L.A.B. INTERNATIONAL LTD,0.5095417357923907
Mil-Ver Metal Co Ltd,M,Aluminium Alloy,UK,Mil-Ver Metal Company Limited,0.8784576950099472
Allied Metal Co,ALLIED METAL CO,Aluminium Alloy,USA,Allied Technologies,0.5516876811497998
Audubon Metals LLC,AUDUBON,Aluminium Alloy,USA,Myanmar Metals,0.34216930465878104
Bermco Aluminum,BERMCO,Aluminium Alloy,USA,Kaiser Aluminum,0.40515543015883854
"Cass, Inc.",CASS,Aluminium Alloy,USA,L & L INC Limited,0.3384408621908222
"Real Alloy Specification, LLC",IMCO M,Aluminium Alloy,USA,Real,0.4737745149476795
"Real Alloy Specification, LLC",IMCO M2,Aluminium Alloy,USA,Real,0.4737745149476795
"Custom Alloy Light Metals, Inc.",LMI,Aluminium Alloy,USA,KIK Custom Products Inc.,0.4099108145427486
Owl's Head Alloys Inc,OHA,Aluminium Alloy,USA,Caledonian Alloys Inc.,0.4116082059049481
Spectro Alloys Corp.,SAC,Aluminium Alloy,USA,Euro Alloys Limited,0.39605031897923637
State Metal Industries Inc.,SMI,Aluminium Alloy,USA,State Oil Limited,0.4582323470535129
TST Inc.,TIMCO,Aluminium Alloy,USA,"TST, Inc.",1.0000000000000002
"Real Alloy Specification, LLC",WABASH W,Aluminium Alloy,USA,Real,0.4737745149476795
"Alcoa, Inc.",WE ALCOA,Aluminium Alloy,USA,Alcoa,0.8781158243173995
Alcoa Corporation,ABCQ,NASAAC,Canada,Alcoa,0.8532094270414128
Aluminerie de Becancour Inc.,ABI,NASAAC,Canada,Agroetanol de Veracruz S. de R.L. de C.V,0.2639827598460717
Alcoa Corporation,DESCHAMBAULT,NASAAC,Canada,Alcoa,0.8532094270414128
Real Alloy Canada Ltd.,WABASH M,NASAAC,Canada,Real,0.526132915821212
Ye Chiu Metal Recycling (China) Ltd.,YECHIU TC,NASAAC,China,European Metal Recycling,0.48339529406123105
Kuusakoski Oy,K,NASAAC,Finland,Akkerman Finland Oy,0.34453570699613445
TRIMET Aluminium SE,MW,NASAAC,Germany,SE&M Consultants,0.39455029481375264
Oetinger Aluminium NU GmbH,OE,NASAAC,Germany,the nu company,0.4604714913291015
Real Alloy (Germany) GbmH,VAWICCN,NASAAC,Germany,Real,0.4281831837055315
Real Alloy (Germany) GbmH,VAW-IMCO E,NASAAC,Germany,Real,0.4281831837055315
Real Alloy (Germany) GbmH,VAW-IMCO Innwerk,NASAAC,Germany,Real,0.4281831837055315
P.T. H.P. Metals Indonesia,HP,NASAAC,Indonesia,Garuda Indonesia,0.4920096105247249
FECS Partecipazioni S.p.A.,FECS,NASAAC,Italy,1&1 Telecom (part of United Internet),0.0
Raffmetal S.p.A.,R.M.,NASAAC,Italy,1&1 Telecom (part of United Internet),0.0
Sacal Societa Alluminio Carisio S.p.A.,SACAL,NASAAC,Italy,Societa' Italiana Per Condotte d'Acqua,0.21245674357727493
Intals S.p.A.,VM,NASAAC,Italy,1&1 Telecom (part of United Internet),0.0
Daiki Aluminium Industry (Malaysia) Sdn. Bhd.,DIKM,NASAAC,Malaysia,SDN Limited,0.4019202820253071
Ye Chiu Metal Smelting Sdn. Bhd.,YE CHIU,NASAAC,Malaysia,SDN Limited,0.38914429199059275
Real Alloy Mexico S. DE R.L. DE C.V.,WABASH V,NASAAC,Mexico,Wal-Mart de Mexico,0.48257913117675527
Sun Metal Industries Ltd,SUPER,NASAAC,Nigeria,Sun Pharmaceutical Industries Limited,0.5686361852948609
"""Mordovvtorsiryo"" LLC",MK MBC,NASAAC,Russia,Energy LLC,0.35201024039117235
Permtsvetmet JSC,PTM,NASAAC,Russia,Ozenmunaigaz JSC,0.37977130149862653
"Public Joint Stock Company ""RUSAL Bratsk Aluminium Smelter""",RUSAL B,NASAAC,Russia,RUSAL,0.3948319439330353
"SEAL & Co., Ltd",S,NASAAC,Russia,Al Seal Contracting and Trading,0.5339062906840315
"Befesa Aluminio, S.L.",ALCASA,NASAAC,Spain,Befesa,0.7525052929212401
Alusigma S.A.,ALUSIGMA,NASAAC,Spain,1&1 Telecom (part of United Internet),0.0
"Aluminio La Estrella, S.L.U.",LA ESTRELLA,NASAAC,Spain,Kingtom Aluminio,0.34084603173789624
Refineria De Aluminio S.L,REFIAL,NASAAC,Spain,Kingtom Aluminio,0.35859931143046553
"Befesa Aluminio, S.L.",REMETAL,NASAAC,Spain,Befesa,0.7525052929212401
Stena Aluminium AB,STENA A,NASAAC,Sweden,Stena Recycling,0.49245018393056667
"Charng Chyi Aluminum Co., Ltd.",CC,NASAAC,Taiwan,U&B Co. Ltd,0.3384824186337343
Sigma Brothers Inc.,SBI,NASAAC,Taiwan,"Sigma Designs, Inc.",0.5841677871980064
Aleris Recycling (Swansea) Ltd.,ALERIS SWA,NASAAC,UK,Aleris,0.604746300745401
Coleshill Aluminium Ltd,CAL,NASAAC,UK,Gulf Aluminium,0.35672384236566435
JBM International Ltd,JBMI,NASAAC,UK,L.A.B. INTERNATIONAL LTD,0.5095417357923907
Mil-Ver Metal Co Ltd,M,NASAAC,UK,Mil-Ver Metal Company Limited,0.8784576950099472
Imperial Aluminum LLC,A-1,NASAAC,USA,Imperial Oil,0.49910252660104115
Allied Metal Co ,ALLIED METAL CO,NASAAC,USA,Allied Technologies,0.5516876811497998
Audubon Metals LLC,AUDUBON,NASAAC,USA,Myanmar Metals,0.34216930465878104
Bermco Aluminum,BERMCO,NASAAC,USA,Kaiser Aluminum,0.40515543015883854
"Cass, Inc.",CASS,NASAAC,USA,L & L INC Limited,0.3384408621908222
Huron Valley Steel Corporation,HV,NASAAC,USA,La Valley,0.39774397696825337
"Real Alloy Specification, LLC",IMCO M,NASAAC,USA,Real,0.4737745149476795
"Real Alloy Specification, LLC",IMCO M2,NASAAC,USA,Real,0.4737745149476795
Alcoa Corporation,INTALCO,NASAAC,USA,Alcoa,0.8532094270414128
"Custom Alloy Light Metals, Inc.",LMI,NASAAC,USA,KIK Custom Products Inc.,0.4099108145427486
Owl's Head Alloys Inc,OHA,NASAAC,USA,Caledonian Alloys Inc.,0.4116082059049481
Spectro Alloys Corp.,SAC,NASAAC,USA,Euro Alloys Limited,0.39605031897923637
State Metal Industries Inc.,SMI,NASAAC,USA,State Oil Limited,0.4582323470535129
Superior Aluminum Alloys LLC,SUPERIOR,NASAAC,USA,"Superior Foods, Inc.",0.4318672047683985
TST Inc.,TIMCO,NASAAC,USA,"TST, Inc.",1.0000000000000002
"Real Alloy Specification, LLC",WABASH W,NASAAC,USA,Real,0.4737745149476795
"Alcoa, Inc.",WE ALCOA,NASAAC,USA,Alcoa,0.8781158243173995
Minara Resources Pty Ltd,MINARA COBALT BRIQUETTES,Cobalt,Australia,Minara Resources,0.793803983680449
Votorantim Metais S.A.,TOCANTINS ALLOY GRADE 99.8%,Cobalt,Brazil,Votorantim,0.691758746599573
Vale Canada Limited,VALE ELECTROLYTIC COBALT ROUNDS,Cobalt,Canada,Vale,0.7140949767617557
"Yantai Cash Industrial Co., Ltd.",CASH,Cobalt,China,Cash Inn Ltd,0.42555847211800135
"Jinchuan Group Co., Ltd.",GOLDEN CAMEL 9995,Cobalt,China,Jinchuan Group,0.8566019455924915
"Quzhou Huayou Cobalt New Material Co., Ltd",HUAYOU,Cobalt,China,Zhejiang Huayou Cobalt Co. Ltd.,0.5802647405721817
GEM (Jiangsu) Cobalt Industry Co Ltd,KLK 9995,Cobalt,China,Jiangsu Cobalt,0.6894915250477687
Freeport Cobalt Oy,FC COARSE COBALT POWDER S1 d200/1000,Cobalt,Finland,PT Freeport Indonesia (part of Freeport-McMoRan),0.43002408833154615
Umicore Finland Oy,UMICORE COBALT POWDER S1,Cobalt,Finland ,Akkerman Finland Oy,0.630009362709343
"Sumitomo Metal Mining Co., Ltd.",SMM CO 99.8%,Cobalt,Japan,Sumitomo Metal Mining (part of Sumitomo Group),0.7969320089798488
"Dynatec Madagascar S.A. a ""société anonyme""",AMBATOVY COBALT BRIQUETTES,Cobalt,Madagascar,Société Générale,0.27464119427770606
CTT - Compagnie de Tifnout Tiranimine,CMBA,Cobalt,Morocco,Compagnie Mauricienne de Textile (CMT),0.2594201188502897
"JSC ""Kola GMK""",NORNICKEL,Cobalt,Russia,Ozenmunaigaz JSC,0.31050962633112006
Kasese Cobalt Company Limited,KCCL,Cobalt,Uganda,Jiangsu Cobalt,0.4107009437987747
Chambishi Metals Plc,CMA,Cobalt,Zambia,Chambishi Metals,0.9275344586862628
Chambishi Metals Plc,CMP,Cobalt,Zambia,Chambishi Metals,0.9275344586862628
